avg_illuminance,avg_airquaility,avg_temp,avg_humididty,avg_steps,quality
0,388.24193514723663,382.2264501815353,29.127067365873337,58.00484066155708,15214,70
0,184.54708906319038,381.56264692886145,29.146707909854175,56.327441449403445,11249,75
0,341.14841225878837,331.6613014210901,28.483545250560958,55.864248317127895,9082,68
0,372.50856842840034,374.0808097327479,29.514160351017154,56.96250498603909,6672,77
0,346.3794909312639,339.1308159645196,28.99467849223947,57.59689578713969,14411,71
0,294.6386875718981,338.6110805258733,28.515612161051767,55.56614626129827,5724,77
